Пользователь ввел некорректные данные, 10/20/22  10:24 
Пользователь ввел некорректные данные, 10/20/22  13:07 
Пользователь ввел некорректные данные, 10/20/22  13:07 
Пользователь ввел некорректные данные, 10/20/22  14:55 
Пользователь ввел некорректные данные, 10/20/22  14:55 
Пользователь ввел некорректные данные, 10/20/22  22:02 
Пользователь ввел некорректные данные, 10/20/22  22:50 
Пользователь ввел некорректные данные, 10/20/22  22:50 
Пользователь ввел некорректные данные, 10/21/22  19:46 
Пользователь ввел некорректные данные, 10/21/22  19:46 
Пользователь ввел некорректные данные, 10/21/22  19:46 
Пользователь ввел некорректные данные, 10/21/22  19:46 
Пользователь ввел некорректные данные, 10/21/22  19:47 
Пользователь ввел некорректные данные, 10/21/22  19:47 
Пользователь ввел некорректные данные, 10/21/22  19:47 
Пользователь ввел некорректные данные, 10/21/22  20:31 
Пользователь ввел некорректные данные, 10/21/22  21:01 
Пользователь ввел некорректные данные, 10/21/22  21:01 
